<?xml version="1.0" encoding="UTF-8"?>
<beans xmlns="http://www.springframework.org/schema/beans"
	xmlns:xsi="http://www.w3.org/2001/XMLSchema-instance"
	xsi:schemaLocation="http://www.springframework.org/schema/beans
   http://www.springframework.org/schema/beans/spring-beans-3.0.xsd">

	<bean id="sandwich" class="...">
	</bean>
	
	<bean id="burger" class="...">
	</bean>
	
	<bean id="pizza" class="...">
	</bean>
	
	<bean id="fries" class="...">
	</bean>
	
	<bean id="brownie" class="...">
	</bean>
</beans>