<?xml version="1.0" encoding="UTF-8"?>
<beans xmlns="http://www.springframework.org/schema/beans"
	xmlns:xsi="http://www.w3.org/2001/XMLSchema-instance"
	xmlns:context="http://www.springframework.org/schema/context"
	xmlns:tx="http://www.springframework.org/schema/tx"
	xmlns:jpa="http://www.springframework.org/schema/data/jpa"
	xsi:schemaLocation="http://www.springframework.org/schema/beans
 http://www.springframework.org/schema/beans/spring-beans-4.0.xsd
 http://www.springframework.org/schema/context
  http://www.springframework.org/schema/context/spring-context-3.0.xsd
  http://www.springframework.org/schema/data/jpa
  http://www.springframework.org/schema/data/jpa/spring-jpa-1.0.xsd
  http://www.springframework.org/schema/tx
  http://www.springframework.org/schema/tx/spring-tx-3.1.xsd">
	<bean id="dateFormat" class="java.text.SimpleDateFormat">
		<constructor-arg value="dd/MM/yyyy" />
	</bean>

	<bean class="com.cognizant.truyum.model.MenuItem" id="sandwich">
		<property name="id" value="1" />
		<property name="name" value="Sandwich" />
		<property name="price" value="99.0" />
		<property name="active" value="true" />
		<property name="dateOfLaunch">
			<bean factory-bean="dateFormat" factory-method="parse">
				<constructor-arg value="15/03/2017" />
			</bean>
		</property>
		<property name="category" value="Main Course" />
		<property name="freeDelivery" value="true" />
	</bean>


	<bean class="com.cognizant.truyum.model.MenuItem" id="burger">
		<property name="id" value="2" />
		<property name="name" value="Burger" />
		<property name="price" value="129.0" />
		<property name="active" value="true" />
		<property name="dateOfLaunch">
			<bean factory-bean="dateFormat" factory-method="parse">
				<constructor-arg value="23/12/2017" />
			</bean>
		</property>
		<property name="category" value="Main Course" />
		<property name="freeDelivery" value="false" />
	</bean>



	<bean class="com.cognizant.truyum.model.MenuItem" id="pizza">
		<property name="id" value="3" />
		<property name="name" value="Pizza" />
		<property name="price" value="149.0" />
		<property name="active" value="true" />
		<property name="dateOfLaunch">
			<bean factory-bean="dateFormat" factory-method="parse">
				<constructor-arg value="21/08/2018" />
			</bean>
		</property>
		<property name="category" value="Main Course" />
		<property name="freeDelivery" value="false" />
	</bean>



	<bean class="com.cognizant.truyum.model.MenuItem" id="fries">
		<property name="id" value="4" />
		<property name="name" value="French Fries" />
		<property name="price" value="57.0" />
		<property name="active" value="false" />
		<property name="dateOfLaunch">
			<bean factory-bean="dateFormat" factory-method="parse">
				<constructor-arg value="02/07/2017" />
			</bean>
		</property>
		<property name="category" value="Starters" />
		<property name="freeDelivery" value="true" />
	</bean>



	<bean class="com.cognizant.truyum.model.MenuItem" id="brownie">
		<property name="id" value="5" />
		<property name="name" value="Chocolate Brownie" />
		<property name="price" value="32.0" />
		<property name="active" value="true" />
		<property name="dateOfLaunch">
			<bean factory-bean="dateFormat" factory-method="parse">
				<constructor-arg value="02/11/2022" />
			</bean>
		</property>
		<property name="category" value="Dessert" />
		<property name="freeDelivery" value="true" />
	</bean>

	<bean class="java.util.ArrayList" id="menuItems">
		<constructor-arg>
			<list>
				<ref bean="sandwich" />
				<ref bean="burger" />
				<ref bean="pizza" />
				<ref bean="fries" />
				<ref bean="brownie" />
			</list>
		</constructor-arg>
	</bean>

	<bean class="com.cognizant.truyum.dao.MenuItemDaoCollectionImpl"
		id="menuItemDaoCollectionImpl">
		<property name="menuItemList" ref="menuItems" />
	</bean>

	<bean class="com.cognizant.truyum.service.MenuItemService"
		id="menuItemService">
		<property name="menuItemDao" ref="menuItemDaoCollectionImpl" />
	</bean>

	<context:component-scan
		base-package="com.cognizant.truyum" />


</beans>



























